Donor ID,split,label,braak_num,Braak,dementia,Cognitive Status,Sex,Age at Death,APOE Genotype,n_neurons_used
H19.33.004,fold3,0,4,Braak IV,0,No dementia,Female,80.0,3/3,22513
H20.33.001,fold3,0,4,Braak IV,0,No dementia,Male,82.0,3/3,16057
H20.33.002,fold0,0,4,Braak IV,0,No dementia,Female,97.0,2/3,16893
H20.33.004,fold2,1,5,Braak V,1,Dementia,Male,86.0,3/4,17442
H20.33.005,test,0,4,Braak IV,0,No dementia,Female,99.0,2/3,21887
H20.33.008,fold0,1,5,Braak V,0,No dementia,Female,92.0,3/4,7883
H20.33.011,fold4,1,5,Braak V,1,Dementia,Female,93.0,3/4,13297
H20.33.012,fold3,0,3,Braak III,0,No dementia,Female,91.0,3/3,14338
H20.33.013,fold4,0,4,Braak IV,0,No dementia,Male,94.0,3/3,15073
H20.33.014,fold1,0,4,Braak IV,0,No dementia,Female,82.0,3/3,18097
H20.33.015,fold2,1,5,Braak V,1,Dementia,Male,88.0,3/3,14276
H20.33.016,test,0,4,Braak IV,1,Dementia,Female,93.0,2/3,14818
H20.33.017,fold0,1,6,Braak VI,1,Dementia,Male,69.0,3/3,12149
H20.33.018,fold2,1,6,Braak VI,1,Dementia,Female,81.0,3/4,16024
H20.33.019,fold2,0,3,Braak III,0,No dementia,Female,87.0,3/4,15022
H20.33.020,fold0,1,6,Braak VI,1,Dementia,Male,81.0,4/4,13313
H20.33.024,test,1,5,Braak V,0,No dementia,Male,90.0,3/3,12153
H20.33.025,fold2,1,5,Braak V,0,No dementia,Male,94.0,3/3,19560
H20.33.026,fold2,1,6,Braak VI,1,Dementia,Female,75.0,4/4,5148
H20.33.027,fold2,0,4,Braak IV,0,No dementia,Female,99.0,3/3,16377
H20.33.028,fold1,1,5,Braak V,1,Dementia,Female,94.0,3/3,4196
H20.33.029,fold0,1,5,Braak V,1,Dementia,Female,91.0,3/3,9098
H20.33.030,fold1,1,5,Braak V,0,No dementia,Female,86.0,3/4,18240
H20.33.031,fold1,1,6,Braak VI,1,Dementia,Female,87.0,3/3,10109
H20.33.032,fold4,1,5,Braak V,0,No dementia,Male,98.0,3/3,10641
H20.33.033,fold3,1,6,Braak VI,1,Dementia,Male,68.0,3/3,3451
H20.33.034,test,0,4,Braak IV,0,No dementia,Female,85.0,2/2,13032
H20.33.035,fold0,0,4,Braak IV,0,No dementia,Female,99.0,3/3,6518
H20.33.036,fold4,1,5,Braak V,0,No dementia,Female,100.0,2/3,4132
H20.33.037,fold3,1,5,Braak V,1,Dementia,Female,96.0,3/3,3839
H20.33.038,test,1,5,Braak V,1,Dementia,Female,90.0,3/3,770
H20.33.039,test,1,5,Braak V,0,No dementia,Female,96.0,3/3,21129
H20.33.040,fold1,0,4,Braak IV,1,Dementia,Male,98.0,3/3,9105
H20.33.041,test,1,5,Braak V,1,Dementia,Female,91.0,3/3,11683
H20.33.043,fold0,0,4,Braak IV,0,No dementia,Male,85.0,4/4,18885
H20.33.044,fold3,1,5,Braak V,0,No dementia,Male,81.0,2/3,11740
H20.33.045,fold1,1,6,Braak VI,1,Dementia,Female,77.0,4/4,6202
H20.33.046,fold4,1,6,Braak VI,1,Dementia,Male,94.0,3/3,9374
H21.33.001,fold4,0,3,Braak III,1,Dementia,Male,80.0,2/3,12298
H21.33.002,fold4,1,6,Braak VI,1,Dementia,Female,70.0,3/4,13049
H21.33.003,fold1,0,0,Braak 0,0,No dementia,Male,78.0,3/3,15618
H21.33.004,fold2,0,2,Braak II,0,No dementia,Male,93.0,2/3,12348
H21.33.005,fold0,1,5,Braak V,1,Dementia,Male,95.0,3/3,11977
H21.33.006,test,0,4,Braak IV,0,No dementia,Male,97.0,3/4,17579
H21.33.007,fold3,1,5,Braak V,1,Dementia,Female,86.0,3/3,13080
H21.33.008,fold3,1,5,Braak V,1,Dementia,Female,91.0,3/3,14305
H21.33.009,test,1,6,Braak VI,1,Dementia,Female,65.0,4/4,8393
H21.33.010,test,1,6,Braak VI,1,Dementia,Female,93.0,3/3,13355
H21.33.011,fold4,0,4,Braak IV,0,No dementia,Female,83.0,3/3,15354
H21.33.012,fold2,0,4,Braak IV,1,Dementia,Female,93.0,2/4,12022
H21.33.013,test,1,5,Braak V,1,Dementia,Female,94.0,3/4,9371
H21.33.014,fold1,0,4,Braak IV,0,No dementia,Male,92.0,2/3,11753
H21.33.015,fold2,0,4,Braak IV,0,No dementia,Male,98.0,3/3,13653
H21.33.016,fold3,0,4,Braak IV,1,Dementia,Female,94.0,3/3,8845
H21.33.017,fold4,1,5,Braak V,1,Dementia,Female,92.0,3/3,5423
H21.33.018,fold1,0,2,Braak II,1,Dementia,Female,89.0,3/3,10431
H21.33.019,fold0,0,0,Braak 0,0,No dementia,Male,75.0,2/3,19464
H21.33.020,fold0,1,5,Braak V,1,Dementia,Male,82.0,3/3,219
H21.33.021,test,0,3,Braak III,1,Dementia,Male,99.0,3/3,10268
H21.33.022,fold4,1,6,Braak VI,0,No dementia,Female,82.0,3/3,14542
H21.33.023,fold3,0,4,Braak IV,0,No dementia,Male,102.0,3/3,12586
H21.33.025,fold4,0,4,Braak IV,0,No dementia,Female,88.0,3/3,9710
H21.33.026,test,1,5,Braak V,0,No dementia,Female,90.0,3/4,8807
H21.33.027,test,1,5,Braak V,1,Dementia,Male,92.0,3/4,19752
H21.33.028,fold3,0,2,Braak II,0,No dementia,Male,72.0,3/3,9247
H21.33.029,fold1,1,5,Braak V,1,Dementia,Male,89.0,2/4,6757
H21.33.030,test,0,3,Braak III,0,No dementia,Male,89.0,3/4,9022
H21.33.031,fold1,1,5,Braak V,1,Dementia,Male,84.0,3/4,12785
H21.33.032,fold1,0,4,Braak IV,0,No dementia,Female,98.0,3/3,12631
H21.33.033,fold2,1,5,Braak V,0,No dementia,Female,83.0,3/4,3676
H21.33.034,fold0,1,6,Braak VI,1,Dementia,Female,90.0,3/4,1189
H21.33.035,fold1,1,5,Braak V,0,No dementia,Female,97.0,3/3,10806
H21.33.036,fold1,1,5,Braak V,0,No dementia,Female,93.0,3/3,8736
H21.33.037,fold2,0,4,Braak IV,0,No dementia,Female,88.0,2/3,7244
H21.33.038,fold4,0,3,Braak III,0,No dementia,Female,84.0,3/3,5366
H21.33.039,fold0,1,5,Braak V,1,Dementia,Female,88.0,3/3,6273
H21.33.040,fold0,1,5,Braak V,0,No dementia,Male,83.0,3/4,11763
H21.33.041,test,0,4,Braak IV,0,No dementia,Female,98.0,2/3,10842
H21.33.042,fold4,1,5,Braak V,1,Dementia,Female,91.0,4/4,10541
H21.33.043,fold0,0,2,Braak II,1,Dementia,Female,95.0,3/3,11548
H21.33.044,fold3,1,6,Braak VI,1,Dementia,Female,88.0,3/3,3916
H21.33.045,test,1,6,Braak VI,1,Dementia,Female,94.0,3/4,4399
H21.33.046,fold2,1,5,Braak V,1,Dementia,Male,97.0,3/3,4501
H21.33.047,fold3,1,5,Braak V,0,No dementia,Male,90.0,3/3,11361
