donor_id,stage,n_cells,MAPT_CPM
Sample-96,Stage 1,1033,456.06896716086777
Sample-82,Stage 1,610,272.29028788283335
Sample-90,Stage 1,275,282.8407674283672
Sample-66,Stage 2,420,344.8680651563432
Sample-58,Stage 2,96,293.75845089005963
Sample-52,Stage 2,39,382.4699319791937
Sample-100,Stage 2,977,436.51759090298134
Sample-33,Stage 5,926,294.34153386731106
Sample-46,Stage 5,655,380.3206242858051
Sample-47,Stage 5,868,446.33308680260393
Sample-43,Stage 6,1148,355.6472740978041
Sample-50,Stage 6,665,300.2573164070469
Sample-27,Stage 6,946,343.4750917309336
Sample-22,Stage 6,195,379.6037199524799
Sample-19,Stage 6,875,300.88754869544607
Sample-17,Stage 6,431,286.02708928259085
Sample-37,Stage 6,1641,333.50337624022904
Sample-45,Stage 6,531,437.8462662909629
